date,Arabian Sea heatwave_share,Arabian Sea deep_share_of_heatwave,Bay of Bengal heatwave_share,Bay of Bengal deep_share_of_heatwave
2023-01-01,0.0391524643021649,0.5333333333333333,0.07470574105212587,0.8456591639871383
2023-01-02,0.04901659496004917,0.5078369905956113,0.060307544449783757,0.8247011952191236
2023-01-03,0.050878533231474406,0.5105105105105106,0.07909332047263082,0.875
2023-01-04,0.0190171915411532,0.712,0.116751269035533,0.8633540372670807
2023-01-05,0.00837648492232714,0.9454545454545454,0.0789980732177264,0.8780487804878049
2023-01-06,0.006887052341597796,0.8666666666666667,0.04588037472976219,0.8481675392670157
2023-01-07,0.007482058329515957,0.8775510204081632,0.051226551226551224,0.8450704225352113
2023-01-08,0.009926695174098962,0.7230769230769231,0.031167585710860705,0.8461538461538461
2023-01-09,0.012057387057387058,0.7848101265822784,0.020124580737901295,0.9047619047619048
2023-01-10,0.014868760430890608,0.8163265306122449,0.021042563366810138,0.9545454545454546
2023-01-11,0.025885558583106268,0.7602339181286549,0.022195704057279237,0.9247311827956989
2023-01-12,0.024856016974840862,0.7317073170731707,0.01832896929302547,0.8701298701298701
2023-01-13,0.027449196239005155,0.6132596685082873,0.01613291596436311,0.8805970149253731
2023-01-14,0.011679053541635067,0.7662337662337663,0.013339801115692457,0.9818181818181818
2023-01-15,0.013966904508881129,0.75,0.0106951871657754,1.0
2023-01-16,0.008665247795682578,0.8771929824561403,0.00765367137048553,1.0
2023-01-17,0.007156997106745851,0.8297872340425532,0.004532442748091603,1.0
2023-01-18,0.007446808510638298,0.8979591836734694,0.002863961813842482,1.0
2023-01-19,0.006700167504187605,0.8409090909090909,0.010506208213944603,0.9545454545454546
2023-01-20,0.008876645240281604,0.7586206896551724,0.011447650846649178,0.9583333333333334
2023-01-21,0.009477224090492203,0.6774193548387096,0.015982824427480915,0.9701492537313433
2023-01-22,0.011158667074289209,0.6438356164383562,0.015498330948974726,0.9230769230769231
2023-01-23,0.008565310492505354,0.5178571428571429,0.018125447173861196,0.9210526315789473
2023-01-24,0.0018376722817764165,0.4166666666666667,0.0164638511095204,0.8985507246376812
2023-01-25,0.0006143449546920596,1.0,0.018646904135787713,0.8974358974358975
2023-01-26,0.0009161704076958314,0.6666666666666666,0.025942829690127314,0.8333333333333334
2023-01-27,0.0,0.0,0.05396902226524685,0.8071748878923767
2023-01-28,0.0,0.0,0.04502541757443718,0.8118279569892473
2023-01-29,0.0,0.0,0.06411807403822889,0.8339622641509434
2023-01-30,0.0,0.0,0.055689488910318226,0.8138528138528138
2023-01-31,0.0,0.0,0.07439613526570048,0.801948051948052
2023-02-01,0.0,0.0,0.08731307284129282,0.7651933701657458
2023-02-02,0.0,0.0,0.07419898819561552,0.7532467532467533
2023-02-03,0.0001522533495736906,0.0,0.08481927710843373,0.7443181818181818
2023-02-04,0.0001518372304889159,0.0,0.037776708373435997,0.7133757961783439
2023-02-05,0.0,0.0,0.023843586075345733,0.7
2023-02-06,0.0003026634382566586,0.5,0.018562589243217516,0.717948717948718
2023-02-07,0.008478425435276306,0.35714285714285715,0.012640114476508467,0.660377358490566
2023-02-08,0.03489257961298187,0.5065502183406113,0.007387988560533841,0.7419354838709677
2023-02-09,0.04495912806539509,0.5656565656565656,0.008577555396711936,0.6944444444444444
2023-02-10,0.027084279013466484,0.5865921787709497,0.012643129770992367,0.6792452830188679
2023-02-11,0.01059001512859304,0.5142857142857142,0.013655965500718735,0.7894736842105263
2023-02-12,0.005295808745649872,0.22857142857142856,0.015714285714285715,0.803030303030303
2023-02-13,0.003934029353911333,0.3076923076923077,0.011458582000477441,0.8333333333333334
2023-02-14,0.001967312348668281,0.3076923076923077,0.014523809523809524,0.8360655737704918
2023-02-15,0.004842615012106538,0.875,0.005946717411988582,0.6
2023-02-16,0.01711084191399152,0.504424778761062,0.013311148086522463,0.4642857142857143
2023-02-17,0.024988641526578828,0.21212121212121213,0.034745359352689194,0.636986301369863
2023-02-18,0.03106060606060606,0.22926829268292684,0.022829964328180737,0.625
2023-02-19,0.03685653365823942,0.23140495867768596,0.017844396859386154,0.7066666666666667
2023-02-20,0.021435086652477956,0.3191489361702128,0.05441527446300716,0.6973684210526315
2023-02-21,0.021725919173503496,0.1958041958041958,0.04059216809933142,0.6588235294117647
2023-02-22,0.018953752843062926,0.16,0.02843488649940263,0.6470588235294118
2023-02-23,0.014255383682135275,0.2553191489361702,0.008108752683043167,0.7352941176470589
2023-02-24,0.014846235418875928,0.22448979591836735,0.014275517487508922,0.6833333333333333
2023-02-25,0.019860521528198907,0.05343511450381679,0.026775041836002867,0.7767857142857143
2023-02-26,0.0444275966641395,0.11262798634812286,0.05552873008208595,0.7739130434782608
2023-02-27,0.05656934306569343,0.1989247311827957,0.04341534008683068,0.8166666666666667
2023-02-28,0.08338423946243127,0.2032967032967033,0.024934068568688565,0.9711538461538461
2023-03-01,0.09868421052631579,0.22015503875968992,0.013397129186602871,1.0
2023-03-02,0.08622534780614585,0.22695035460992907,0.009128032668748499,0.8947368421052632
2023-03-03,0.07599017500767577,0.27070707070707073,0.013500482160077145,0.9107142857142857
2023-03-04,0.05339880313027467,0.3563218390804598,0.004329004329004329,0.8333333333333334
2023-03-05,0.09149102263856362,0.4539249146757679,0.010612638687891944,0.9090909090909091
2023-03-06,0.13542642924086223,0.37946943483275664,0.019763798505664017,0.9146341463414634
2023-03-07,0.1372579637726421,0.38680318543799774,0.010321651464234277,0.9534883720930233
2023-03-08,0.0890889337265249,0.4337979094076655,0.004525964745116722,0.8947368421052632
2023-03-09,0.1076037941222205,0.434971098265896,0.005250596658711217,1.0
2023-03-10,0.1285423516517927,0.43605359317904996,0.005968011458582,0.92
2023-03-11,0.1293291731669267,0.4451145958986731,0.006665079742918353,0.9285714285714286
2023-03-12,0.13719701678060908,0.43827859569648925,0.0028523888756833847,0.75
2023-03-13,0.16436013061732235,0.3859981078524125,0.007619047619047619,0.6875
2023-03-14,0.2533104844991432,0.3025830258302583,0.013571428571428571,0.5263157894736842
2023-03-15,0.20854192740926158,0.3353338334583646,0.0064209274673008325,0.6296296296296297
2023-03-16,0.19343908824888342,0.34554140127388533,0.004994054696789536,0.8095238095238095
2023-03-17,0.31623667542097944,0.27357107962872496,0.008341277407054338,0.6285714285714286
2023-03-18,0.24729854893485645,0.3146067415730337,0.018849916487711765,0.6455696202531646
2023-03-19,0.2275872674150392,0.3533783783783784,0.014818355640535373,0.5161290322580645
2023-03-20,0.18255547054322876,0.41743503772003354,0.006427041180671268,0.6666666666666666
2023-03-21,0.12386521003231267,0.4658385093167702,0.01616353696220585,0.9705882352941176
2023-03-22,0.11250190810563272,0.373134328358209,0.016876634181126695,0.49295774647887325
2023-03-23,0.1225482742891896,0.303970223325062,0.015937202664129402,0.5522388059701493
2023-03-24,0.1544986367767343,0.29411764705882354,0.03472882968601332,0.5136986301369864
2023-03-25,0.11326468806783767,0.31016042780748665,0.039229671897289584,0.593939393939394
2023-03-26,0.07368739597518535,0.33675564681724846,0.039220347040646544,0.5515151515151515
2023-03-27,0.06505295007564296,0.34418604651162793,0.024958402662229616,0.5904761904761905
2023-03-28,0.08653555219364599,0.3129370629370629,0.020917518421678154,0.6931818181818182
2023-03-29,0.13162677976370796,0.24510932105868816,0.01595618004286735,0.7313432835820896
2023-03-30,0.1740712661106899,0.289198606271777,0.01951916210426089,0.6097560975609756
2023-03-31,0.22977885489245684,0.3197099538562953,0.020471316353249225,0.627906976744186
2023-04-01,0.2249962172794674,0.3201075991930061,0.016888677450047573,0.6338028169014085
2023-04-02,0.24319007263922518,0.3260734287492221,0.02210601378654623,0.6881720430107527
2023-04-03,0.24019978810352657,0.33648393194706994,0.027110582639714626,0.49122807017543857
2023-04-04,0.2156595486899894,0.3335674157303371,0.008321445553970519,0.34285714285714286
2023-04-05,0.18510670500983806,0.26573998364677026,0.006186057577920533,0.23076923076923078
2023-04-06,0.15786287271076133,0.23585810162991372,0.01120915812067732,0.425531914893617
2023-04-07,0.13542139506733242,0.25027932960893856,0.011505273250239693,0.5416666666666666
2023-04-08,0.0924357034795764,0.28477905073649756,0.05148467432950191,0.4790697674418605
2023-04-09,0.09295987887963664,0.2768729641693811,0.07768395657418577,0.45652173913043476
2023-04-10,0.08123673840557745,0.2873134328358209,0.07716497339138849,0.48589341692789967
2023-04-11,0.041780613795199026,0.38545454545454544,0.06902439024390244,0.4275618374558304
2023-04-12,0.03756437443199031,0.3709677419354839,0.08187718422366451,0.4146341463414634
2023-04-13,0.053357586781870546,0.3068181818181818,0.06994234143895713,0.40860215053763443
2023-04-14,0.05856470945228342,0.2927461139896373,0.051595214356929216,0.40096618357487923
2023-04-15,0.08306806123995755,0.2791970802919708,0.08630069238377844,0.45272206303724927
2023-04-16,0.09323832625833839,0.26504065040650404,0.10694923607688517,0.4608294930875576
2023-04-17,0.06347523102560218,0.29832935560859186,0.1190592846643802,0.38065843621399176
2023-04-18,0.0603030303030303,0.24371859296482412,0.10852523272905439,0.28442437923250563
2023-04-19,0.07878787878787878,0.22115384615384615,0.09306882194464854,0.29473684210526313
2023-04-20,0.10855063674954518,0.20391061452513967,0.058968665186281764,0.25523012552301255
2023-04-21,0.1605275125056844,0.2049102927289896,0.0653353057199211,0.3018867924528302
2023-04-22,0.13504481239556435,0.2170978627671541,0.08279940857565303,0.37202380952380953
2023-04-23,0.08513554675601584,0.19320214669051877,0.10416147520558186,0.3827751196172249
2023-04-24,0.11170456279566611,0.11885245901639344,0.14510575504181014,0.35423728813559324
2023-04-25,0.09415880742318224,0.08723747980613894,0.1159634838391315,0.33191489361702126
2023-04-26,0.05141037306642402,0.11209439528023599,0.1318762278978389,0.3333333333333333
2023-04-27,0.01351556567957479,0.34831460674157305,0.11973716232660014,0.3780487804878049
2023-04-28,0.014404852160727824,0.35789473684210527,0.14157575757575758,0.3561643835616438
2023-04-29,0.014866504854368932,0.5204081632653061,0.17957405614714425,0.38409703504043125
2023-04-30,0.026543303503716063,0.5142857142857142,0.16224116930572471,0.38288288288288286
2023-05-01,0.028160484481453446,0.41397849462365593,0.1601171588967537,0.39176829268292684
2023-05-02,0.0237590799031477,0.4713375796178344,0.12300123001230012,0.236
2023-05-03,0.024962178517397883,0.4121212121212121,0.11939559078523657,0.27593360995850624
2023-05-04,0.03177004538577912,0.40476190476190477,0.1605538013116347,0.19818456883509833
2023-05-05,0.0595003785011355,0.23155216284987276,0.12821128451380553,0.2546816479400749
2023-05-06,0.08713441430519776,0.1826086956521739,0.16823330923114002,0.28939828080229224
2023-05-07,0.07460197119029569,0.18495934959349594,0.21254523522316043,0.3348467650397276
2023-05-08,0.08296678295161534,0.1480804387568556,0.22521212121212122,0.33907427341227125
2023-05-09,0.08117129418904567,0.13457943925233645,0.24611650485436892,0.35502958579881655
2023-05-10,0.10380937926847776,0.1067251461988304,0.19901477832512315,0.400990099009901
2023-05-11,0.19635535307517085,0.102861562258314,0.17844698855151817,0.4602510460251046
2023-05-12,0.17908178777743994,0.12393887945670629,0.18294895050531226,0.4518413597733711
2023-05-13,0.18235651381718798,0.10657785179017486,0.08302583025830258,0.3333333333333333
2023-05-14,0.14125322409346078,0.1310418904403867,0.014721074380165289,0.017543859649122806
2023-05-15,0.11915604128718883,0.13630573248407643,0.009682224428997022,0.2564102564102564
2023-05-16,0.1537410836242222,0.16090819348469892,0.017400204708290685,0.6176470588235294
2023-05-17,0.18648443432042522,0.15472312703583063,0.020106897429371343,0.7974683544303798
2023-05-18,0.26196281621456874,0.14136125654450263,0.01689933872152829,0.8260869565217391
2023-05-19,0.29888736473098615,0.13564507904130546,0.01901323706377858,0.7721518987341772
2023-05-20,0.3187214611872146,0.1451766953199618,0.014433485686793361,0.8166666666666667
2023-05-21,0.3393101352378058,0.16032243618450515,0.014326647564469915,0.9166666666666666
2023-05-22,0.4178990699801799,0.16964611455673112,0.008624820316243412,0.3888888888888889
2023-05-23,0.4387490465293669,0.1790681502086231,0.015986638033882127,0.417910447761194
2023-05-24,0.4864782276546982,0.19535175879396985,0.017451589768109014,0.3287671232876712
2023-05-25,0.5836005497022446,0.20068027210884354,0.035525684109457514,0.35135135135135137
2023-05-26,0.5804974820692812,0.21424815983175605,0.013195777351247601,0.16363636363636364
2023-05-27,0.5678069639584606,0.22592791823561054,0.03076923076923077,0.4296875
2023-05-28,0.5628048780487804,0.2524377031419285,0.05313777350324597,0.47058823529411764
2023-05-29,0.5632429137458093,0.2564935064935065,0.08100961538461539,0.3560830860534125
2023-05-30,0.6107638359506022,0.2561158262606091,0.15464666021297194,0.31768388106416273
2023-05-31,0.6274031126029905,0.2619163424124514,0.20918984280532044,0.24971098265895952
2023-06-01,0.5745721271393643,0.29175531914893615,0.18046198267564967,0.188
2023-06-02,0.6271472392638037,0.30423086329175836,0.1478702807357212,0.24222585924713586
2023-06-03,0.6269938650306749,0.3138454011741683,0.0946078431372549,0.3290155440414508
2023-06-04,0.6089368258859784,0.30035425101214575,0.13382533825338253,0.31433823529411764
2023-06-05,0.6044718581341557,0.32857142857142857,0.13641960108347698,0.3592057761732852
2023-06-06,0.5706118665018541,0.3517465475223396,0.150390625,0.38636363636363635
2023-06-07,0.5383186251741756,0.3730227207362669,0.14946445959104188,0.3729641693811075
2023-06-08,0.5065727699530517,0.36947791164658633,0.10454985479186835,0.43287037037037035
2023-06-09,0.47393958365941463,0.3748348745046235,0.1402116402116402,0.3481989708404803
2023-06-10,0.47849882720875686,0.37287581699346406,0.11956782713085234,0.30120481927710846
2023-06-11,0.4648529643025633,0.34438430311231394,0.11332055582175371,0.3023255813953488
2023-06-12,0.3432183549243015,0.351068667576171,0.16457528957528958,0.3592375366568915
2023-06-13,0.29689191278800064,0.3145833333333333,0.15136298421807748,0.34755134281200634
2023-06-14,0.18738433066008636,0.2814814814814815,0.18279827503593676,0.3656618610747051
2023-06-15,0.1590594744121715,0.30531400966183575,0.2010556621880998,0.3568019093078759
2023-06-16,0.1930336044192113,0.23767885532591415,0.21540312876052947,0.3407821229050279
2023-06-17,0.18749041851908632,0.2436631234668847,0.18091787439613527,0.41255006675567424
2023-06-18,0.17841814837522993,0.23969072164948454,0.17013639626704954,0.3234880450070324
2023-06-19,0.22484300811762903,0.2826975476839237,0.18766562274150808,0.3247753530166881
2023-06-20,0.3103448275862069,0.2380246913580247,0.21667871776331646,0.29810901001112344
2023-06-21,0.3210292540971052,0.26908396946564883,0.16940948693126814,0.3271428571428571
2023-06-22,0.2842896594047254,0.30329195898542904,0.11960784313725491,0.3729508196721312
2023-06-23,0.34228702993092863,0.3076233183856502,0.11458333333333333,0.3594080338266385
2023-06-24,0.3318495778971604,0.28769657724329323,0.12964311726147124,0.2940074906367041
2023-06-25,0.2744285933425372,0.24650642817216323,0.10900814566363201,0.23736263736263735
2023-06-26,0.24609494640122512,0.1997510889856876,0.16547106647537063,0.1907514450867052
2023-06-27,0.21613347619776518,0.1671388101983003,0.20249221183800623,0.09467455621301775
2023-06-28,0.25636724111636416,0.14455681142177276,0.280561607358993,0.14926660914581535
2023-06-29,0.2297872340425532,0.19378306878306878,0.4513447432762836,0.14409534127843987
2023-06-30,0.1893985419198056,0.2285485164394547,0.45416564266404524,0.15476190476190477
2023-07-01,0.21309234507897934,0.21881682109764788,0.31014063656550706,0.22593476531424025
2023-07-02,0.22514530437442642,0.2296195652173913,0.27705521472392636,0.283436669619132
2023-07-03,0.18685015290519877,0.2995090016366612,0.24229516411926835,0.34643226473629785
2023-07-04,0.1738532110091743,0.37906772207563766,0.19776309100152517,0.32904884318766064
2023-07-05,0.11400701112635268,0.3449197860962567,0.18998451213216314,0.3233695652173913
2023-07-06,0.03544804503270957,0.6394849785407726,0.15349194167306215,0.26
2023-07-07,0.031349870643737635,0.5631067961165048,0.0995788952192222,0.2835820895522388
2023-07-08,0.02485513876181763,0.6687116564417178,0.09510936347997051,0.2454780361757106
2023-07-09,0.031392868028040234,0.4563106796116505,0.09835663478047584,0.3192019950124688
2023-07-10,0.05503602636823547,0.415041782729805,0.20861008610086101,0.294811320754717
2023-07-11,0.07460171568627451,0.3593429158110883,0.24062729723107082,0.225050916496945
2023-07-12,0.09754235994504656,0.460093896713615,0.22956436612824277,0.2505330490405117
2023-07-13,0.14473483111722452,0.3843717001055966,0.2146558105107328,0.2620689655172414
2023-07-14,0.1886676875957121,0.3198051948051948,0.17484060814124572,0.2314165497896213
2023-07-15,0.20162651526776124,0.3013698630136986,0.2389144657135934,0.20486815415821502
2023-07-16,0.21694499770185383,0.268361581920904,0.10603864734299517,0.14578587699316628
2023-07-17,0.20798028038822985,0.2362962962962963,0.037403474903474905,0.12258064516129032
2023-07-18,0.16379575515226083,0.292018779342723,0.019985552612569228,0.10843373493975904
2023-07-19,0.11128118781570488,0.3920220082530949,0.015785697201626404,0.13636363636363635
2023-07-20,0.07005494505494506,0.485838779956427,0.01862464183381089,0.10256410256410256
2023-07-21,0.0785986290936786,0.40310077519379844,0.013371537726838587,0.0
2023-07-22,0.05557242635894321,0.587431693989071,0.011761881901104177,0.061224489795918366
2023-07-23,0.06322013341419042,0.5347721822541966,0.010098581389757152,0.023809523809523808
2023-07-24,0.07366818873668189,0.4194214876033058,0.020216606498194945,0.05952380952380952
2023-07-25,0.13082683784196852,0.3177570093457944,0.04174710424710425,0.1907514450867052
2023-07-26,0.218969197926197,0.23050139275766016,0.11331719128329298,0.1282051282051282
2023-07-27,0.22711240607268823,0.2012153950033761,0.06147540983606557,0.08235294117647059
2023-07-28,0.2527539779681763,0.2257869249394673,0.11979670861568248,0.09090909090909091
2023-07-29,0.2380218764443075,0.30097087378640774,0.0851063829787234,0.09659090909090909
2023-07-30,0.24613737188312682,0.3113735239279055,0.018011527377521614,0.04
2023-07-31,0.1938353013341512,0.4050632911392405,0.007661000718218817,0.0
2023-08-01,0.18994498777506114,0.47224456958970235,0.0314374850011999,0.17557251908396945
2023-08-02,0.2577654149281409,0.36810551558752996,0.040517861424118916,0.1242603550295858
2023-08-03,0.25792551554324405,0.30906921241050117,0.07074340527577938,0.10508474576271186
2023-08-04,0.2242303568693521,0.30601092896174864,0.09182450251738192,0.10704960835509138
2023-08-05,0.19049075064974774,0.3274478330658106,0.05890804597701149,0.08130081300813008
2023-08-06,0.13302752293577982,0.3701149425287356,0.06409949772781631,0.029850746268656716
2023-08-07,0.10578689528475199,0.38929088277858176,0.05239234449760766,0.0319634703196347
2023-08-08,0.07219827586206896,0.6204690831556503,0.10998307952622674,0.15384615384615385
2023-08-09,0.1392697581266369,0.4413716814159292,0.12251734864800191,0.203125
2023-08-10,0.22582647834859537,0.41786941580756015,0.15863066538090645,0.1276595744680851
2023-08-11,0.21647893843542662,0.4654312188168211,0.12271414821944177,0.1450980392156863
2023-08-12,0.24751552795031057,0.5696361355081556,0.13370406189555126,0.09584086799276673
2023-08-13,0.2925042854916628,0.5194459243473628,0.17506053268765134,0.09405255878284924
2023-08-14,0.29569139835122105,0.5034192530247238,0.1846748851824994,0.0824607329842932
2023-08-15,0.30124416796267495,0.4734124935467217,0.15449505905037358,0.12324492979719189
2023-08-16,0.4574780058651026,0.4375843454790823,0.12,0.14171656686626746
2023-08-17,0.47472426470588236,0.43691513391416587,0.1037037037037037,0.18433179723502305
2023-08-18,0.4219776860767232,0.43969576240492575,0.21698564593301436,0.10915104740904079
2023-08-19,0.5186272994280414,0.3976154992548435,0.19230769230769232,0.12173913043478261
2023-08-20,0.6232356134636265,0.3782976605276257,0.2085625448457307,0.10665137614678899
2023-08-21,0.6198656879587693,0.3882590073066264,0.08217537134643028,0.19825072886297376
2023-08-22,0.6527820951196767,0.38142857142857145,0.13074885624849505,0.18232044198895028
2023-08-23,0.625951825951826,0.3800893743793446,0.13763440860215054,0.1597222222222222
2023-08-24,0.6375058166589112,0.3596107055961071,0.17953621802534067,0.07323568575233022
2023-08-25,0.6123982467125861,0.35736196319018404,0.1810365416766181,0.12269129287598944
2023-08-26,0.5856196783349101,0.3540656973613355,0.25951807228915663,0.15784586815227483
2023-08-27,0.5994966179015259,0.3665704539490947,0.3400673400673401,0.15275813295615276
2023-08-28,0.60671875,0.36698429049703835,0.3263234227701233,0.15259259259259259
2023-08-29,0.6338161209068011,0.368107302533532,0.2763697803524016,0.2052401746724891
2023-08-30,0.5654359780047132,0.3828841344818005,0.2405457156534227,0.2109452736318408
2023-08-31,0.5799620733249052,0.3809264305177112,0.2830414967618134,0.19830508474576272
2023-09-01,0.6176609475838186,0.3952599388379205,0.2973362131029518,0.24213075060532688
2023-09-02,0.5444427026179652,0.4249928016124388,0.23904191616766468,0.28857715430861725
2023-09-03,0.5160336239103362,0.40512820512820513,0.1985663082437276,0.30685920577617326
2023-09-04,0.5267675979397534,0.3887407407407407,0.08850190839694656,0.32075471698113206
2023-09-05,0.5581395348837209,0.37894144144144143,0.060238095238095236,0.4743083003952569
2023-09-06,0.5540179273470671,0.39398240136247514,0.03306374881065652,0.2589928057553957
2023-09-07,0.5223997493734336,0.40899550224887554,0.05966246731637746,0.30278884462151395
2023-09-08,0.561395276083216,0.4137642797436612,0.09777671527611762,0.24938875305623473
2023-09-09,0.5425946114312412,0.4242250287026406,0.11654676258992806,0.24074074074074073
2023-09-10,0.5045672704753058,0.41761276465173364,0.08650850706925474,0.22160664819944598
2023-09-11,0.516568597088882,0.39568345323741005,0.071531445031205,0.2516778523489933
2023-09-12,0.492435937017598,0.3843260188087774,0.05731414868105516,0.3054393305439331
2023-09-13,0.47710693776191215,0.36694860117111255,0.04678920983528288,0.29591836734693877
2023-09-14,0.39325842696629215,0.35772994129158514,0.06171074577078866,0.277992277992278
2023-09-15,0.3001381003529231,0.3716768916155419,0.07274028142141664,0.26557377049180325
2023-09-16,0.38229870928088505,0.38102893890675243,0.05040611562350693,0.5023696682464455
2023-09-17,0.34443256453337406,0.3303769401330377,0.06708193579300431,0.3964285714285714
2023-09-18,0.37507626601586336,0.3481089873932493,0.07267020762916465,0.4950166112956811
2023-09-19,0.3429833917415816,0.3811639271434918,0.04427776433583353,0.453551912568306
2023-09-20,0.362429421638944,0.4088421052631579,0.10026835813613076,0.5547445255474452
2023-09-21,0.3230041215081667,0.4499054820415879,0.10911736178467507,0.5222222222222223
2023-09-22,0.36739696644706604,0.42827356130108424,0.12557242709086527,0.5585412667946257
2023-09-23,0.3835721991061797,0.4909602249899558,0.08363548465071308,0.6069364161849711
2023-09-24,0.3786229105965343,0.5637910085054678,0.07256126862085535,0.5794701986754967
2023-09-25,0.36839687643546165,0.5689941812136325,0.10538922155688622,0.4772727272727273
2023-09-26,0.3434928375495276,0.5820763087843833,0.07690470503940769,0.562111801242236
2023-09-27,0.38067573765479285,0.563855421686747,0.04989257579374552,0.1722488038277512
2023-09-28,0.36345504756060143,0.5698607007176023,0.04837940896091516,0.11822660098522167
2023-09-29,0.35429801630016916,0.5707465277777778,0.04262919742795904,0.1340782122905028
2023-09-30,0.3120815581253804,0.5592393954168698,0.00786088613625536,0.06060606060606061
2023-10-01,0.26257407688801093,0.5405092592592593,0.0014265335235378032,0.0
2023-10-02,0.2542579075425791,0.5203349282296651,0.001188495364868077,0.0
2023-10-03,0.33409506398537475,0.4751481988144095,0.0007136060894386299,0.0
2023-10-04,0.4346295162278016,0.42233180697428674,0.0011890606420927466,0.0
2023-10-05,0.48595117457392906,0.43854660347551344,0.0023849272597185785,0.0
2023-10-06,0.4784608309060248,0.4924703620634412,0.0009535160905840286,0.0
2023-10-07,0.4413159908186687,0.47434119278779474,0.0021691973969631237,0.0
2023-10-08,0.4714176245210728,0.479518855656697,0.007520621057738962,0.0
2023-10-09,0.5311732186732187,0.4666088464874241,0.01607795371498173,0.07575757575757576
2023-10-10,0.5941673062164237,0.5027124773960217,0.02719560878243513,0.03669724770642202
2023-10-11,0.6452702702702703,0.5356972870061876,0.09150491555331484,0.12396694214876033
2023-10-12,0.6296580279098298,0.5511446663419386,0.15941295546558704,0.06031746031746032
2023-10-13,0.6252113758647194,0.5529874600442587,0.1845882649206749,0.09959072305593451
2023-10-14,0.6363216266173752,0.5642701525054467,0.22317165116863533,0.10698198198198199
2023-10-15,0.6563029090349392,0.5705909943714822,0.2535802469135802,0.13534566699123662
2023-10-16,0.6525619326050162,0.5758075925489271,0.22910521140609635,0.11373390557939914
2023-10-17,0.7122057001239157,0.5780774249673771,0.22805719921104536,0.11243243243243244
2023-10-18,0.6643389199255121,0.5884139219808456,0.20116396761133604,0.05408805031446541
2023-10-19,0.5828411563568542,0.5962666666666666,0.20343325646938254,0.08312342569269521
2023-10-20,0.5534267912772586,0.5558682803264846,0.18014329580348004,0.07102272727272728
2023-10-21,0.5431061313414255,0.5212034383954155,0.1605894105894106,0.04665629860031104
2023-10-22,0.6131957473420888,0.5346761856195819,0.10670731707317073,0.0
2023-10-23,0.6622703721149317,0.5509720246562352,0.0781010719754977,0.049019607843137254
2023-10-24,0.6666666666666666,0.5412541254125413,0.17833418497700562,0.1833810888252149
2023-10-25,0.6262943206777534,0.5363226452905812,0.2795358649789029,0.16886792452830188
2023-10-26,0.6332391713747646,0.5157372986369269,0.36455026455026457,0.14949201741654572
2023-10-27,0.6753655085678353,0.5374767225325885,0.3987189751801441,0.10107095046854082
2023-10-28,0.6585826771653543,0.5329985652797704,0.23135504201680673,0.08853575482406356
2023-10-29,0.6121136042680057,0.521404768008203,0.27848761408083444,0.0852059925093633
2023-10-30,0.5905240037652966,0.5215196599362381,0.2710688591983556,0.07393364928909953
2023-10-31,0.6278301886792453,0.5254194840971701,0.1613479703854991,0.13132911392405064
2023-11-01,0.6383851127582401,0.5358201581027668,0.09262522023659703,0.2418478260869565
2023-11-02,0.6385390428211587,0.5441321499013807,0.1108254049884289,0.24361948955916474
2023-11-03,0.6123154256990261,0.5425859415084658,0.17013527575442247,0.20030581039755352
2023-11-04,0.631447327289778,0.5477722772277228,0.2778662420382166,0.14231136580706782
2023-11-05,0.589863184079602,0.5345282024248814,0.2839831401475237,0.08534322820037106
2023-11-06,0.6649548708372238,0.5118183945705593,0.33028481839561014,0.061708860759493674
2023-11-07,0.7533053351998755,0.5316952302291967,0.4023977065415689,0.0744818652849741
2023-11-08,0.8058998901616193,0.5352414330218068,0.45544297220057156,0.12378779235596121
2023-11-09,0.8233627204030227,0.5390057361376673,0.4722513089005236,0.11917960088691797
2023-11-10,0.8409703504043127,0.5473227752639518,0.533457249070632,0.101543056246889
2023-11-11,0.8346909439386679,0.5564485265977803,0.5998400426552919,0.11333333333333333
2023-11-12,0.7312147777082029,0.5480625133804324,0.5650308393671225,0.10536307546274323
2023-11-13,0.7835375431982406,0.5485164394546913,0.45120671563483733,0.09709302325581395
2023-11-14,0.7783715812637535,0.5405896607431341,0.34149484536082475,0.12830188679245283
2023-11-15,0.8203959773727215,0.554491476728596,0.3416370106761566,0.07142857142857142
2023-11-16,0.8564909520062942,0.5623736909792394,0.33945646703573223,0.09340252038547071
2023-11-17,0.7641057350440563,0.5818328950030346,0.33540218470705063,0.11472982975573649
2023-11-18,0.7497289763047855,0.5785994629208842,0.21423312883435583,0.14432989690721648
2023-11-19,0.790610912482512,0.5843491938655132,0.18921544814185087,0.16174582798459564
2023-11-20,0.8171230720805792,0.589175654853621,0.18630070439640514,0.1577574967405476
2023-11-21,0.7971241012816506,0.5843137254901961,0.2057335581787521,0.17330210772833723
2023-11-22,0.783068783068783,0.5892289348171701,0.25716349626775825,0.15543071161048688
2023-11-23,0.8036159600997507,0.5907680372381692,0.3486127864897467,0.1328719723183391
2023-11-24,0.81738859457775,0.5789172703011819,0.3180599561296612,0.12950191570881225
2023-11-25,0.8226059654631083,0.5755725190839694,0.2906666666666667,0.13344453711426188
2023-11-26,0.8265625,0.5638941398865784,0.2826034357609485,0.11301369863013698
2023-11-27,0.7502334267040149,0.5575606720597387,0.26581361661033315,0.09900090826521345
2023-11-28,0.7129890453834116,0.5520193151887621,0.3433196424257067,0.08374384236453201
2023-11-29,0.742462311557789,0.5545685279187818,0.26951897510273143,0.06816143497757847
2023-11-30,0.7748199185718759,0.5505254648342764,0.2725084256138662,0.0627208480565371
2023-12-01,0.7564742589703588,0.5440296968447103,0.2298076923076923,0.08368200836820083
2023-12-02,0.7099438902743143,0.5470911086717892,0.11916225324987964,0.06868686868686869
2023-12-03,0.6557479332397442,0.54686013320647,0.13146447559207347,0.05330882352941176
2023-12-04,0.5925983760149907,0.5438735177865612,0.08555635664503725,0.016853932584269662
2023-12-05,0.4809065507606333,0.513557133634603,0.14440956290751025,0.02508361204013378
2023-12-06,0.4907219709964135,0.4988878296790594,0.21414728682170542,0.03167420814479638
2023-12-07,0.485518530052943,0.4817190506735087,0.41907090464547675,0.051925320886814466
2023-12-08,0.5040260142458965,0.4731182795698925,0.5237621298830555,0.0508313539192399
2023-12-09,0.5058823529411764,0.46817625458996326,0.48533467034344446,0.05371900826446281
2023-12-10,0.5213329180940517,0.4778972520908005,0.44679226069246436,0.035327635327635325
2023-12-11,0.550859485885507,0.4826796450042943,0.3514558103581551,0.04252199413489736
2023-12-12,0.48491951867479294,0.5046728971962616,0.36414423565261556,0.00906555090655509
2023-12-13,0.4666980097163454,0.48253861652115515,0.3635901347571828,0.005594405594405594
2023-12-14,0.5618484518437841,0.4887842702852395,0.3746822572445348,0.005427408412483039
2023-12-15,0.6236813100299166,0.4880080787679879,0.2791591899512945,0.006427915518824609
2023-12-16,0.6411588726184853,0.47003929273084477,0.21756999743128694,0.004722550177095631
2023-12-17,0.6424616358171176,0.4432405811376508,0.2991518889745567,0.011168384879725086
2023-12-18,0.5403697266550798,0.45964912280701753,0.2918891431477244,0.020905923344947737
2023-12-19,0.5109409190371991,0.4625267665952891,0.3372304494673941,0.040832049306625574
2023-12-20,0.45863365716076465,0.4837717799795012,0.33151041666666664,0.04556166535742341
2023-12-21,0.483398285268901,0.4837149306675266,0.34527518172377986,0.045112781954887216
2023-12-22,0.5418578889064726,0.4798481308411215,0.33486825275006393,0.06569900687547746
2023-12-23,0.5454975555906009,0.49320612893899973,0.3096358682189745,0.0752
2023-12-24,0.5760178117048346,0.5201546107123136,0.3421499636010677,0.08297872340425531
2023-12-25,0.622781542433043,0.522020725388601,0.2930120481927711,0.10444078947368421
2023-12-26,0.6441747572815534,0.5297663903541824,0.3158527784459947,0.11119573495811119
2023-12-27,0.6842020071220459,0.5479063165365508,0.2539797395079595,0.09211775878442545
2023-12-28,0.7250608272506083,0.5568232662192394,0.23017779913503122,0.11377870563674322
2023-12-29,0.7121458808205796,0.571787837219936,0.24074074074074073,0.16483516483516483
2023-12-30,0.6981563060858215,0.5877541481654592,0.2074251497005988,0.18937644341801385
2023-12-31,0.7315162395952343,0.5908076751450245,0.1812274368231047,0.22709163346613545
